,de,en
0,"die Verletzung, -en",injury
1,"der Kursort, -e",course location
2,derzeit,at present
3,"das Wortspiel, -e","play on words, pun"
4,eincremen,to apply cream
5,"der Topmanager, -",top manager
6,"eintragen (trägt ein, trug ein, hat eingetragen)","to register, record"
7,vermissen,to miss s.o.
8,die Optik (Singular),optics
9,"die Giraffe, -n",giraffe
10,"der Klassenlehrer, -",classroom teacher
11,"die Arbeitsweise, -n","way of working, working method"
12,"der Song, -s",song
13,die Auswahl (Singular),selection
14,die Elektronik (Singular),electronics
15,"die Struktur, -en",structure
16,die Politik (Singular),politics
17,"der Wanderer, -","hiker, walker, wanderer"
18,flüchten,to flee
19,"das Sportteam, -s",sports team
20,"der Forscher, -",researcher (m.)
21,davon,thereof
22,der Kaffeesatz (Singular),"coffee grounds, dregs"
23,"die Ich-Aussage, -n",I-statement
24,"das Gift, -e",poison
25,das Handwerk (Singular),craft
26,"die Putzfrau, -en",cleaner (f.)
27,räuspern (sich),to clear one‘s throat
28,"der Einfall, Einfälle","incidence, idea"
29,außerhalb (+ Genitiv),outside
30,städtisch,urban
31,die Vergangenheit (Singular),past
32,"der Alarmknopf, Alarmknöpfe",alarm button
33,"erschießen (erschießt, erschoss, hat erschossen)",to shoot dead
34,"die Organisation, -en",organization
35,"die Hightech-Wohnung, -en",high-tech apartment
36,verjagen,to chase away
37,"die Fernbedienung, -en",remote control
38,ausmachen,to turn off
39,"Eisenbahn, die, -n",train
40,"das Portemonnaie, -s",wallet
41,die Kosten (Plural),costs
42,"mithelfen (hilft mit, half mit, hat mitgeholfen)",to help s.o.
43,aufteilen,"to divide, split up"
44,nachmittags,afternoons
45,"die Filiale, -n",branch
46,"das Gehirn, -e",brain
47,die Gesellschaft (Singular),"company, corporation, society"
48,zwischendurch,"meanwhile, in between"
49,das Aspirin (Singular),aspirin
50,entgegenströmen,to stream toward
51,"das Atelier, -s",studio
52,"der Trabi, -s",Trabant
53,unzuverlässig (unzuverlässig sein),unreliable (to be unreliably)
54,ersetzen,to replace
55,"wiederfinden (findet wieder, fand wieder, hat wiedergefunden)",to find again
56,"die Auseinandersetzung, -en","discussion, dispute"
57,"die Margarine, -n",margarine
58,"der Bauchnabel, -",belly button
59,finanzieren,to finance
60,"stechen (sticht, stach, hat gestochen)",to sting
61,"widersprechen (widerspricht, widersprach, hat widersprochen)","to contradict, disagree"
62,"der Faktor, Faktoren",factor
63,auszahlen,to pay off
64,die Öffnungszeiten (Plural),opening hours
65,erschöpft,exhausted
66,"das Unternehmen, -","business, undertaking"
67,verschönern,to beautify
68,tolerant,tolerant(ly)
69,die Bevölkerung (Singular),population
70,"die Leistung, -en","performance, achievement"
71,nieseln,to drizzle
72,"die Plastiktüte, -n",plastic bag
73,"das Büfett, -s",buffet
74,die Arbeitsbedingungen (Plural),working conditions
75,"das Tempo, -s",tempo. speed
76,"die Brille, -n",glasses
77,"die Neuigkeit, -en",news
78,eben (Das ist eben nicht leicht.),here: just (It’s just not so easy.)
79,"der/die Klügere, -n",smarter one
80,"messen (misst, maß, hat gemessen)",to measure
81,national,national(ly)
82,konstant,constant(ly)
83,"zusammenbrechen (bricht zusammen, brach zusammen, ist zusammengebrochen)",to collapse
84,"die Nutzung, -en",use
85,"die Funktion, -en",function
86,"die Garderobe, -n",wardrobe
87,überprüfen,"to check, verify"
88,der Bohnenkaffee (Singular),coffee beans
89,"das Eck, -en (Österreich)",corner (Austria)
90,würzig,"aromatic, spicy"
91,problematisch,problematic(ally)
92,Süßes,sweet
93,"das Taschenbuch, Taschenbücher",paperback
94,"die Krisensituation, -en",crisis situation
95,"die Fahrbahn, -en",roadway
96,"der Schiedsrichter, -",referee
97,behandeln,to treat
98,"der Jäger, -",hunter
99,erholen (sich),"to recover, relax"
100,"die Lebensgeschichte, -n",life story
101,ausgestattet,equipped
102,worum,about what
103,wörtlich,literal(ly)
104,"das Dokument, -e",document
105,"der Kleiderschrank, -schränke",wardrobe
106,die Kindererziehung (Singular),child rearing
107,"die Sammlung, -en",collection
108,"der Klinikaufenthalt, -e",hospital stay
109,"der Dialekt, -e",dialect
110,heutzutage,nowadays
111,"zerreißen (zerreißt, zerriss, hat zerrissen)",to tear apart
112,die Wertsachen,valuables
113,beeindruckt,impressed
114,finster,"sinister, gloomy, gloomily"
115,"der Lerncoach, -s",learning coach
116,darin (Hier ist der Brief. Darin sind alle wichtigen Informationen.),in there (Here is the letter. All the information is in there.)
117,"abziehen (zieht ab, zog ab, ist abgezogen) (Lachend zog der Hirsch ab.)","to move away, pull off (The deer went off, laughing.)"
118,"das Hochwasser, -",flood
119,"der Abfall, Abfälle",waste
120,"die Liebesszene, -n",love scene
121,voneinander,from one another
122,löschen,to extinguish
123,symbolisch,symbolic(ally)
124,"der Flugbegleiter, -",flight attendant (m.)
125,"das Zündholz, -hölzer",match
126,pflanzen,to plant
127,"die Methode, -n",method
128,rein,"outright, pure(ly)"
129,"die Tragödie, -n",tragedy
130,"der Streik, -s",strike
131,"der/die Erste, -n",first one
132,"das Labor, -s",laboratory
133,"die Kraft, Kräfte","strength, power"
134,"die Brieftasche, -n","wallet, billfold"
135,amerikanisch,American
136,"der Almsommer, -",Alpine summer
137,"die Finanzkrise, -n",financial crisis
138,"der Schatten, -",shadow
139,"ausdenken (sich) (denkt sich aus, dachte sich aus, hat sich ausgedacht)","to devise, think up"
140,weder … noch,neither … nor
141,"die Bewerbung, -en",application
142,die Vorfahrt (Singular),right-of-way
143,"das EU-Land, -Länder",EU country
144,ehemalig,former(ly)
145,jodeln,to yodel
146,der Wohnungsbau (Singular),residential building
147,"der Filmpreis, -e",film prize
148,tragisch,tragic(ally)
149,tolerieren,to tolerate
150,verknallt,to have a crush on s.o.
151,"der Tanz, Tänze",dance
152,"vernehmen (vernimmt, vernahm, hat vernommen) (Die Polizei hat Verdächtige vernommen.)","to question, examine (The police questioned some suspects.)"
153,"beschließen (beschließt, beschloss, hat beschlossen)","to decide on, resolve"
154,"die Gewissensfrage, -n",question of conscience
155,"die Liste, -n",list
156,das Aus (Singular),here: out of bounds
157,frustriert,frustrated(ly)
158,"die Premiere, -n",premiere
159,"das Knie, - (in die Knie gehen)",knee (to get on one‘s knees)
160,"die Ausstattung, -en",equipment
161,einzeln,individual(ly)
162,nebeneinander (Wir sitzen nebeneinander.),side by side (We’re sitting side by side.)
163,"der Kursraum, -räume",classroom
164,"die Gummiwanne, -n",rubber tub
165,"die Briefträgerin, -nen",postal carrier (f.)
166,kämpfen,to fight
167,"der Chip, -s (Ich brauche einen Chip für den Parkautomat.)","smart card, chip-and-PIN card (I need a smart card for the parking meter.)"
168,die Gerechtigkeit (Singular),justice
169,spontan,spontaneous(ly)
170,"die Höchsttemperatur, -en",maximum temperature
171,"der Geschirrspüler, -",dishwasher
172,"die Jahresmiete, -n",yearly rent
173,"Techno (Singular, ohne Artikel)",techno music
174,"die Förderung, -en","encouragement, advancement"
175,"die Mücke, -n",mosquito
176,raus (Ich will raus aus meinem langweiligen Leben.),out (I want to get out of my boring life.)
177,der Konsum (Singular),consumption
178,gut situiert,well-situated
179,"die Wirbelsäule, -en",spine
180,das Erdöl (Singular),"crude oil, petroleum"
181,"der/die Arbeitssuchende, -n",job searcher
182,"der Flug, Flüge",flight
183,verwöhnen,"to spoil, pamper"
184,"scheiden lassen (sich) (von + Dat.) (lässt sich scheiden, ließ sich scheiden, hat sich scheiden lassen)",to divorce
185,"der Chinese, -n",Chinese person
186,"die Nachmittagsstunde, -n",afternoon session
187,"die Nähmaschine, -n",sewing machine
188,allerdings,"though, admittedly"
189,"der Eiswürfel, -",ice cube
190,"der Zünder, - (Österreich)",match (Austria)
191,arbeitslos,unemployed
192,abheben,"to withdraw, lift off"
193,"der Feiertag, -e",holiday
194,"das Halbjahr, -e",half year
195,"die Schachtel, -n","carton, case"
196,bewachen,to guard
197,die Moral (Singular),"moral, lesson"
198,kühlen,to cool
199,das Reinigungspersonal (Singular),cleaning staff
200,die Arbeitssuche (Singular),job search
201,"die Bettdecke, -n","bedcover, duvet"
202,verschlucken,to swallow
203,entspannend,relaxing
204,farbig,colorful
205,erarbeiten,to work for
206,"die Kassette, -n",cassette
207,überzeugend,convincing(ly)
208,qualitativ,qualitative(ly)
209,deklinieren,to decline
210,"der Käsekuchen, -",cheesecake
211,katholisch,Catholic
212,"die Diskussion, -en",discussion
213,"der Therapeut, -en",therapist (m.)
214,"das Risiko, Risiken","risk, chance"
215,"der CD-Player, -",CD player
216,"zwar (zwar … aber) (Ich verstehe zwar Spanisch, aber ich spreche nicht gut.)","here: though (Though I understand Spanish, I don’t speak it well.)"
217,repräsentieren,to represent
218,"die Burg, -en",castle
219,"der Originalzustand, -zustände",original condition
220,"die Massenware, -n",mass-produced commodity
221,darauf (darauf freuen) (Er freut sich darauf!),here: to that (to look torward to) (He is looking toward to it.)
222,"die Schranke, -n",barrier
223,"fassen (Ich kann es kaum fassen, morgen fahre ich schon nach Hause.)",here: to believe (I can hardly believe that I’m going home tomorrow.)
224,"der Zeitungskasten, -kästen",newspaper rack
225,"der Anteil, -e (ein hoher Anteil)",amount (a large amount)
226,"die Hochschule, -n",institution of higher education
227,"der Krankenpfleger, -",nurse (m.)
228,"das Zitat, -e",quote
229,"die Schauspielkarriere, -n",acting career
230,rechnen,to calculate
231,der Himmel (Singular),sky
232,"verlegen (Er war verlegen, weil sie so nett zu ihm war.)",embarrassed (He was embarrassed because she was so nice to him.)
233,technisch,technical(ly)
234,"der Richter, -",judge (m.)
235,trotz (+ Genitiv/Dativ) (Trotz der Hitze ist mir kalt.),"despite (Despite the heat, I’m cold.)"
236,locker,"casual(ly), loose(ly)"
237,der Norden (Singular),north
238,das Bargeld (Singular),cash
239,"das Vereinsmitglied, -er",club member
240,"die Bundeskanzlerin, -nen",chancellor (f.)
241,waagerecht,horizontal
242,"die Traumbank, -banken",dream bank
243,"die Einparkhilfe, -n",parking sensor
244,"die Filmmusik, -en","film score, film soundtrack"
245,schmeicheln,to flatter
246,"die Chipkarte, -n","smart card, keycard"
247,"die Etage, -n","level, floor, story"
248,die Teilzeit (Singular) (Sie arbeitet Teilzeit.),part-time (She works part time.)
249,"die Käserei, -en",cheesemaking factory
250,"der Sprechrhythmus, Sprechrhythmen",rhythm of speech
251,verhindern,"to prevent, avert"
252,schaden,"to damage, harm"
253,"die Abneigung, -en","dislike, aversion"
254,"annehmen (nimmt an, nahm an, hat angenommen)","to accept, take on"
255,genügen,to suffice
256,kulturell,cultural(ly)
257,das Guerilla Gardening (Singular),guerilla gardening
258,"der Rückblick, -e","review, look back"
259,"überwinden (überwindet, überwand, hat überwunden)",to overcome
260,bekleckern,to stain
261,"der Braten, -",roast
262,"der Geldkarten-Chip, -s",money chip
263,"auffallen (fällt auf, fiel auf, ist aufgefallen)",to stand out
264,"die Gedächtnisleistung, -en",memory skills
265,"der Lohn, Löhne","wage, pay"
266,die Selbsthilfe (Singular),self-help
267,"der Walkman, -s","walkman, portable cassette player"
268,"entsprechen (entspricht, entsprach, hat entsprochen)",to correspond
269,schuldig,"guilty, guiltily"
270,"zwar (Ich möchte eine Reise buchen, und zwar nach Spanien.)",here: namely (I’d like to book a trip (namely) to Spain.)
271,"die Partei, -en",political party
272,die Einsamkeit (Singular),here: solitude
273,"die Passkontrolle, -n",passport control
274,klopfen,to knock
275,"zwingen (zu + Dat.) (zwingt, zwang, hat gezwungen)",to force
276,"die Immobilie, -n",real estate
277,"das Leder, -",leather
278,"leiden können (Ich kann es nicht leiden, wenn du zu spät kommst.)","to tolerate, stand s.t. (I can‘t stand it when you‘re late.)"
279,"der Minister, -",minister
280,"die Bauernregel, -n",weather lore
281,"die Aktion, -en","action, campaign"
282,das Studentenleben (Singular),student life
283,der Alzheimer (Singular),Alzheimer‘s Disease
284,finanziell,financial(ly)
285,besiegen,to defeat
286,"die Wohnform, -en",form of housing
287,"der Radiospot, -s",radio ad
288,"der Theaterregisseur, -e",theater director
289,"die Drogerie, -n",drug store
290,befürworten,to advocate
291,"der Markt, Märkte",market
292,"die Bedingung, -en",condition
293,erwischen,"to catch, nab"
294,einerseits,on the one hand
295,abgeschlossen,"completed, self-contained"
296,"ankommen (auf + Akk.) (es kommt darauf an, kam darauf an, ist darauf angekommen)",to arrive
297,der Blickkontakt (Singular),eye contact
298,spüren,to sense
299,aufführen,"to perform, put on"
300,"der Krimi, -s","crime story, crime film"
301,überleben,to survive
302,"das Musikinstrument, -e",musical instrument
303,"der Ohrwurm, -würmer","earworm, catchy song"
304,selbstständig machen (sich),to be self-employed
305,die Gegenwart (Singular),"present time, presence"
306,"die Tonne, -n",ton
307,"der Bundeskanzler, -",chancellor (m.)
308,die Volksmusik (Singular),folk music
309,inbegriffen,included
310,"die Sekunde, -n",second
311,schöpfen (Kraft schöpfen),"to draw, summon up (to draw power)"
312,"die Gebrauchsanweisung, -en",user‘s manual
313,bearbeiten,"to work on, process, edit"
314,"der Bewerber, -",applicant
315,mithören,to listen with s.o.
316,"die Fabel, -n",fable
317,"die Krötenwanderung, -en",turtle migration
318,"die Vereinskasse, -n",club treasury
319,"die Traumfrau, -en",dream woman
320,folgendermaßen,as follows
321,der Harz (Gebirge in Deutschland),Harz Mountains (Mountains in Germany)
322,"die Operation, -en","operation, surgery"
323,"die Holzfaser, -n",wood fiber
324,Ägypten,Egypt
325,"der Handyhersteller, -",mobile phone manufacturer
326,"die Illusion, -en",illusion
327,hageln,to hail
328,"das Labyrinth, -e",labyrinth
329,"das Argument, -e",argument
330,"die Fachzeitschrift, -en",trade journal
331,"der Pädagoge, -n",pedagogue (m.)
332,handeln (sich) (um + Akk.) (Es handelt sich um öffentliche Flächen.),to concern (It concerns public places.)
333,die Fachleute (Plural),professionals
334,das Bleigießen (Singular),lead casting
335,"das Gedicht, -e",poem
336,eskalieren,to escalate
337,der Druck (Singular),pressure
338,erstmals,for the first time
339,"die Busverspätung, -en",bus delay
340,"die Gesamtschule, -n",comprehensive school
341,"der Firmenname, -n",company name
342,fordern,to demand
343,schnarchen,to snore
344,anstrengen (sich),"to strain, exert"
345,"der Metzger, -",butcher
346,"schmelzen (schmilzt, schmolz, ist geschmolzen)",to melt
347,"der Interessent, -en",interested party
348,"der Schulpreis, -e",school award
349,längerfristig,long-term
350,"der Zeitraum, Zeiträume",time period
351,inklusive,"inclusive of, including"
352,apropos,"by the way, speaking of"
353,senden,to send
354,effizient,efficient(ly)
355,der Luxus (Singular),luxury
356,"die Einschränkung, -en","restriction, limitation"
357,Asien,Asia
358,"der Sozialarbeiter, -",social worker
359,"die Forschung, -en",research
360,der Papyrus (Singular),papyrus
361,"die Wortfamilie, -n",word family
362,"die Lieblingskollegin, -nen",favorite colleague (f.)
363,heutig,present-day
364,"der Erzähler, -",narrator (m.)
365,"die Krise, -n",crisis
366,Argentinien,Argentina
367,schütten (Ich habe Kaffee über die Tastatur geschüttet.),to spill (I’ve spilled coffee over the keyboard.)
368,der Ingwer (Singular),ginger
369,"der Magazinbericht, -e",magazine report
370,"der Erfahrungsbericht, -e",field report
371,"die Zwischenmahlzeit, -en",snack
372,gelangen,"to reach, attain"
373,"hierherkommen (kommt hierher, kam hierher, ist hierhergekommen)",to come here
374,"die Violine, -n",violin
375,verbissen,"dogged(ly), grim(ly)"
376,"der Schalter, -",switch
377,verstaubt (verstauben),dusty (to get dusty)
378,"das Werbematerial, -materialien",advertising material
379,"der Autounfall, Autounfälle",car accident
380,"das Reinigungsfahrzeug, -e",street cleaning vehicle
381,die Gesamtbevölkerung (Singular),total population
382,das Lampenfieber (Singular),stage fright
383,"der Arbeiter, -","worker, laborer"
384,"die Kette, -n",necklace
385,beachten,"to note, observe"
386,fantasievoll,imaginative(ly)
387,olympisch,olympic
388,die Herkunft (Singular),origin
389,"gutschreiben (schreibt gut, schrieb gut, hat gutgeschrieben)",to credit
390,das Essen (Singular),food
391,"die Karte, -n (Der Automat hat meine Karte eingezogen.)",card (The ATM confiscated my card.)
392,"die Liedzeile, -n",song line
393,stolz,proud
394,errichten,"to establish, set up"
395,"überziehen (überzieht, überzog, hat überzogen)",to overdraw
396,"der Urgroßvater, -väter",great-grandfather
397,witzig,"funny, humorous"
398,der Dreck (Singular),dirt
399,"die Mail-Adresse, -n",mailing address
400,ökologisch,ecological(ly)
401,"losfahren (fährt los, fuhr los, ist losgefahren)","to get going, to drive off"
402,spenden,to donate
403,"aussterben (stirbt aus, starb aus, ist ausgestorben)",to die off
404,"entnehmen (entnimmt, entnahm, hat entnommen)",to take from
405,statistisch,statistically
406,"der Feierabend, -e","end of work, closing time"
407,"das Auktionshaus, -häuser",auction house
408,"die Filmvorführung, -en",film screening
409,"der Rabe, -n",crow
410,"der Bademantel, -mäntel",bathrobe
411,"die Dusche, -n",shower
412,"fressen (frisst, fraß, hat gefressen)","to feed, eat"
413,das Privatleben (Singular),private life
414,die Zivilcourage (Singular),civic duty
415,"der Stadttyp, -en",city person
416,"der/die Einzelne, -n (Jeder Einzelne kann etwas tun.)",individual (Everyone can do s.th.)
417,"Metal (Singular, ohne Artikel) (= Heavy Metal)",metal (= heavy metal)
418,unfreundlich,unfriendly
419,"das Nahrungsmittel, -",foodstuff
420,die Filmbranche (Singular),film industry
421,"das Patchwork, -s",patchwork
422,"der Schweinebraten, -",roast pork
423,verspeisen,to consume
424,der Fleischkonsum (Singular),meat consumption
425,die Bewerbungsunterlagen (Plural),application materials
426,"das Treibhausgas, -e",greenhouse gas
427,"die Badewanne, -n",bathtub
428,verneinen,to negate
429,geschmacklos,tasteless
430,"der Kopfhörer, -",headphones
431,"der Sturm, Stürme",storm
432,erhalten sein,to be preserved
433,"die Persönlichkeit, -en",personality
434,"die Aufführung, -en","performance, show"
435,"vermeiden (vermeidet, vermied, hat vorhersagen die Waage, -n zweifeln die Zukunftsprognose, -n die Jungfrau, -en der Krebs, -e der Schütze, -n der Steinbock, Steinböcke der Stier, -e der Wassermann, Wassermänner der Widder, - der Zwilling, -e befragen der Erzieher, - fassen (Ich fasse jeden Morgen einen guten Vorsatz für den Tag.)","to avoid, avert to foresee, forecast Libra, scales to doubt, be skeptical future forecast Virgo Cancer, crab Sagittarius, archer Capricorn Taurus, bull Aquarius Aries Gemini, twin to question, consult educator, tutor (m.) to take hold of, grip here: to make (Every morning I make a good resolution for the day.)"
436,"die Soße, -n",sauce
437,im Freien,in the outdoors
438,"je …, desto …","the more …, the more …"
439,"das Bewerbungstraining, -s",job application training
440,"der Zweifel, -",doubt
441,eher,"rather, quite"
442,nachdem,after
443,"der Verlust, -e",loss
444,"die Decke, -n","ceiling, blanket"
445,die Astrologie (Singular),astrology
446,meist,most(ly)
447,seitdem,since then
448,"die Religion, -en",religion
449,"beweisen (beweist, bewies, hat bewiesen)",to prove
450,"der Frosch, Frösche",frog
451,zurückbrüllen,to yell back
452,"der Briefumschlag, Briefumschläge",envelope
453,"der Urlaubsgruß, Urlaubsgrüße",greeting from vacation
454,unabhängig,independent(ly)
455,"die Beratungsstelle, -n",counseling center
456,"die Einbürgerung, -en",naturalization
457,"die Sprachgrenze, -n",language border
458,der Musikgeschmack (Singular),music taste
459,belastet,burdened
460,"das Urlaubsziel, -e",vacation destination
461,"der Nerv, -en",nerve
462,die Papierherstellung (Singular),paper manufacture
463,"anstehen (steht an, stand an, hat angestanden)",to stand in line
464,"der Adressat, -en","recipient, addressee"
465,"Kölsch (Singular, ohne Artikel)",Colognian
466,komponieren,to compose
467,"der Prozess, -e",process
468,krass (Das war echt krass!),"crass, harsh (This was really crass!)"
469,der Süden (Singular),south
470,"das Dilemma, -s",dilemma
471,"die Ausgabestelle, -n","distribution location, issuing office"
472,"sauber halten (hält sauber, hielt sauber, hat sauber gehalten)",to keep clean
473,"das Nachthemd, -en",nightgown
474,daher,hence
475,"der Monitor der, Monitoren",monitor
476,"der Rand, Ränder","edge, outskirts"
477,ängstlich,"anxious(ly), fearful(ly)"
478,"der Produzent, -en",producer
479,"der Bauhof, Bauhöfe",construction yard
480,"der Zusammenhang, Zusammenhänge",context
481,aufbauen,"to build up, construct"
482,"die Chemikerin, -nen",chemist (f.)
483,"der Vortrag, Vorträge",lecture
484,geduldig (geduldig sein),patient(ly) (to be patient)
485,"der EU-Bürger, -",EU citizen
486,"der Stadtmensch, -en",city person
487,überzeugt,convinced
488,"der Bankkunde, -n",bank customer
489,"die Zahncreme, -s",toothpaste
490,"der Parkautomat, -en",parking meter
491,autoritär,authoritarian
492,"der Verein, -e","association, club"
493,"der Anwohner, -",local residents
494,"die Kleinfamilie, -n",nuclear family
495,"der Urlaubstyp, -en",vacation type
496,"der Staatsempfang, -empfänge",state reception
497,die Werbesprache (Singular),advertising language
498,"die Steuer, -n",tax
499,verständlich,"understanable, understandably"
500,einig sein (sich),to be in agreement
501,"die Geheimzahl, -en",secret number
502,ausführen,"to execute, carry out"
503,"die Besuchszeit, -en",visiting hours
504,"die Rolle, -n (eine wichtige Rolle spielen)",role (to play an important role)
505,anlächeln,to smile at
506,"der Scheinwerfer, -","spotlight, headlight"
507,"das Klavier, -e",piano
508,"die Erbin, -nen",heiress
509,verzichten,"to abstain, forgo"
510,wegräumen,to put away
511,"der Massel, -s","pig, here: luck"
512,wolkig,cloudy
513,damalig,"onetime, bygone"
514,selbstverständlich,obvious(ly)
515,"das Talent, -e",talent
516,bzw. (beziehungsweise),"i.e. (or rather, that is)"
517,"empfangen (empfängt, empfing, hat empfangen)",to receive
518,mitspielen,to play with
519,die Medienbranche (Singular),media industry
520,"der Astrologe, -n",astrologer (m.)
521,"das Familienunternehmen, -",family business
522,sodass,so that
523,"die Schmuckdesignerin, -nen",jewelry designer (f.)
524,"nachgeben (gibt nach, gab nach, hat nachgegeben)","to give in, yield"
525,"der Bereich, der, -e","area, sector"
526,"der Stoff, -e","cloth, textiles"
527,regeln,"to regulate, control"
528,bewölkt,cloudy
529,die Rücksicht (Singular),consideration
530,verstärken,to strengthen
531,"der Brunnen, -",fountain
532,beruhigend,"soothing(ly), reassuring(ly)"
533,nachprüfen,"to verify, re-examine"
534,benötigen,"to need, require"
535,tätig (tätig sein),"active, working (to work)"
536,"der Nachtwächter, -",night watchman
537,"der Auktionsbesucher, -",auction visitors
538,"der Landmensch, -en",country person
539,speichern,"to store, save"
540,"die Pflanzenfaser, -n",plant fiber
541,"da (Er ist sehr engagiert, da er dieses Thema wichtig findet.)","here: as (He is very engaged, as he finds this subject very important.)"
542,kleiden (sich),to dress
543,"herausfinden (findet heraus, fand heraus, hat herausgefunden)",to find out
544,der Reim,rhyme
545,der Abzug (Singular),deduction
546,"ziehen (zu/nach) (zieht, zog, ist gezogen) (Sie zieht nach Italien. Sie zieht zu ihrem Mann.)",to move (She is moving to Italy. She is going to live with her husband.)
547,"die Grundidee, -n",basic idea
548,vielerorts,in many places
549,offenbar,"apparent(ly), obvious(ly)"
550,umgehend,"immediate(ly), prompt(ly)"
551,die Aufregung (Singular),excitement
552,"der Schnabel, Schnäbel",beak
553,inszenieren,"to stage, direct"
554,die Regie (Singular),direction
555,"der Rankingplatz, -plätze",ranking
556,"die Verpackung, -en",packaging
557,"der Pfleger, -",nurse (m.)
558,"die Wochenaufgabe, -n",weekly homework
559,"das Schaufenster, -",display window
560,verantwortlich,"responsible, responsibly"
561,"wegziehen (zieht weg, zog weg, ist weggezogen) (Sie zieht weg.)",to move away (She moves away.)
562,"der Fortschritt, -e",progress
563,"die Ziege, -n",goat
564,die Verzeihung (Singular),"forgiveness, pardon"
565,die Pappe (Singular),cardboard
566,abspülen,to rinse
567,steigend,"rising, increasing"
568,kurzfristig,"briefly, short-term"
569,"die Studienzeit, -en",time to study
570,"die Linie, -n",line
571,der Mut (Singular),courage
572,"der Krieg, -e (Krieg führen)",war (to wage war)
573,"sterben (stirbt, starb, ist gestorben)",to die
574,blitzen,to flash lightning
575,berufstätig,"working, employed"
576,beobachten,to observe
577,vermutlich,presumably
578,"die Erfindung, -en",invention
579,"das Exemplar, -e",copy
580,"die Bude, -n",booth
581,"der Beispielsatz, -sätze",example sentence
582,erhöhen,"to raise, increase"
583,der Lebenswandel (Singular),life change
584,"der Ausschnitt, -e","excerpt, clipping"
585,diätisch,dietary
586,die Heilung (Singular),"cure, healing"
587,"die Jahrgangsstufe, -n",grade
588,irgendjemand,someone
589,"das Metall, -e",metal
590,deswegen,"therefore, because of this"
591,"der Reporter, -",reporter (m.)
592,vordere,front
593,"der Experte, -n",expert (m.)
594,"das Opfer, -",sacrifice
595,"abraten (rät ab, riet ab, hat abgeraten)",to advise against
596,"der Band, Bände",here: volume
597,eröffnen,to open
598,"die Zahnbürste, -n",toothbrush
599,verbreiten,"to spread, disseminate"
600,"schiefgehen (geht schief, ging schief, ist schiefgegangen)",to go wrong
601,"der Betrieb, -e","operation, factory"
602,lauwarm,lukewarm(ly)
603,die Hilfsbereitschaft (Singular),helpfulness
604,abbauen,"to reduce, break down"
605,furchtbar,horrible
606,"die Wettervorhersage, -n",weather forecast
607,"der Geschäftspartner, -",business partner (m.)
608,"das Kuvert, -s (Österreich)",envelope (Austria)
609,"das Altersheim, -e",retirement home
610,losschicken,to send off
611,"die Kreuzfahrt, -en",cruise
612,"die Übernahme, -n","takeover, change of shifts"
613,"der Testbericht, -e",review
614,konservativ,conservative(ly)
615,"der Korb, Körbe",basket
616,"das Diagramm, -e",diagram
617,"der Werbetext, -e",advertising copy
618,alltäglich,"commonplace, ordinary"
619,"die Beerdigung, -en",funeral
620,"betragen (beträgt, betrug, hat betragen)",to come to
621,das Handlesen (Singular),hand reading
622,"der Perserteppich, -e",Persian carpet
623,aussagen,"to testify, state"
624,anpassen,"to adapt, customize"
625,"schweigen (schweigt, schwieg, hat geschwiegen)",to remain silent
626,die Lernfreude (Singular),joy of learning
627,"die Entstehungszeit, -en",time of origin
628,"klingen (klingt, klang, hat geklungen)",to sound
629,"die Halle, -n",hall
630,"der Lerntipp, -s",learning tip
631,"das Konsulat, -e",consulate
632,die Umgangssprache (Singular),colloquial language
633,"das Elektrogeschäft, -e",electronics store
634,natürlich (Ohne Make-up siehst du sehr natürlich aus.),natural (You look very natural without makeup.)
635,"klug, klüger, am klügsten","wise(ly), clever(ly)"
636,dicht,dense
637,"der Weltkrieg, -e",world war
638,"das Kurzporträt, -s",brief portrait
639,diktieren,to dictate
640,glatt,smooth(ly)
641,"der Hausarzt, -ärzte","general practitioner, family doctor"
642,das Mokkapulver (Singular),coffee grounds
643,"der Dozent, -en","lecturer, instructor"
644,"der Wendepunkt, -e",turning point
645,zunächst,for the time being
646,"das Bedürfnis, -se","need, desire"
647,trennen (sich),to separate
648,"der Marktanteil, -e",market share
649,"die Weide, -n",pasture
650,"der Geldschein, -e","bill, banknote"
651,"der Zeuge, -n",witness
652,"das Keyboard, -s",keyboard
653,alleinerziehend,single parenting
654,"der Lösungsweg, -e",solution
655,"die Neuerung, -en",innovation
656,"hinsehen (sieht hin, sah hin, hat hingesehen)",to look closely
657,"die Frucht, Früchte",fruit
658,"die Kaffeetasse, -n",coffee cup
659,entwickeln,to develop
660,"die Studie, -n",study
661,frech,"cheeky, sassy"
662,worüber,about what
663,"leiden (an + Dat.) (leidet, litt, hat gelitten) (Meine Oma leidet an Alzheimer.)",to suffer (My grandmother suffers from Alzheimer‘s Disease.)
664,"der Bürger, -",citizen
665,beschildert,marked with signs
666,"die Handlinie, -n",hand line
667,"vorhaben (hat vor, hatte vor, hat vorgehabt)",to have planned
668,"zugehen (geht zu, ging zu, ist zugegangen) (Hier geht es anders zu als an anderen Schulen.) zutrauen (Niemand hat ihnen das Abitur zugetraut.) das Kunststück, -e anschauen das Auge, -n (ins Auge fallen)","here: to deal with (Here, things are dealt with differently than in other schools.  to have confidence, to believe in something (No one believed that they could get their piece of art, stunt to look at eye (to catch someone‘s eye)"
669,"das Kabel, -",cable
670,"das Feedback, -s (Feedback geben/erhalten/ bekommen)",feedback (to give/receive/get feedback)
671,"das Forschungsthema, -themen",research topic
672,"der Besitzer, -",owner
673,schwül,muggy
674,"der Schwerpunkt, -e","center of gravity, main focus"
675,"die Putzfirma, -firmen",cleaning service
676,die Beurteilung (Singular),"assessment, judgment"
677,"die Ankündigung, -en",announcement
678,"der Artikel, -",article
679,bemerken,to notice
680,"der Gewinner, -",winner
681,"die Fahrerin, -nen",driver (f.)
682,"die Gasse, -n",alley
683,"die Marke, -n",brand
684,"die Computerstimme, -n",computerized voice
685,"die Zeitschaltuhr, -en",timer
686,untreu,unfaithful(ly)
687,illegal,illegal(ly)
688,"der Schlafanzug, -anzüge",pajamas
689,"der Standpunkt, -e","position, viewpoint"
690,"die Rente, -n (Er geht in Rente. Er bekommt Rente.)",pension (He is retiring. He gets a pension.)
691,rein,pure(ly)
692,politisch,political(ly)
693,"der Neubau, Neubauten",new building
694,"stehlen (stiehlt, stahl, hat gestohlen)",to steal
695,"der Skype-Dialog, -e",Skype dialogue
696,"der Fleischer, -",butcher
697,beeinflussen,to influence
698,"erfahren (erfährt, erfuhr, hat erfahren)","to learn, find out, experience"
699,"die Nachtzeit, -en",nighttime
700,fortschrittlich,"forward-looking, progressive(ly)"
701,unbequem,uncomfortable
702,nie mehr,"no more, never again"
703,"das Theaterstück, -e",play
704,"die Musikgruppe, -n",music group
705,alarmieren,to alert
706,abgeschliffen,"ground, mulched"
707,beraten,to advise
708,der Rückhalt (Singular),"support, backing"
709,"strömen (strömt, strömte, ist geströmt)",to stream
710,gleichbleibend,"consistent, steady"
711,"das Unterthema, -themen",subtopic
712,"desto (je …, desto …)","the more (the more …, the more …)"
713,"die Bezeichnung, -en","designation, symbol"
714,unfair,unfair
715,das Bio-Fleisch (Singular),"organic meat, naturally raised meat"
716,"die Inspiration, -en",inspiration
717,"der Fernsehredakteur, -e",TV editor (m.)
718,"das Bankgeschäft, -e",banking
719,der Umweltschutz (Singular),environmental protection
720,"die Kunsterzieherin, -nen",art teacher (f.)
721,"die Branche, -n",business field
722,miteinander,with each other
723,menschlich,human(ly)
724,"der Geldbetrag, -beträge",sum of money
725,wildfremd,completely strange
726,"der Händler, -","dealer, trader (m.)"
727,ausruhen (sich),to take a rest
728,senken,"to reduce, lower"
729,der Stoff (Singular) (Ich muss noch so viel Stoff für die Prüfung lernen.),"material, stuff (I still need to learn so much material for the test.)"
730,"der Kerker, -",dungeon
731,streiken,to go on strike
732,"die Grenzkontrolle, -n",border control
733,"vorbeifliegen (fliegt vorbei, flog vorbei, ist vorbeigeflogen)",to fly by
734,"das Krokodil, -e",crocodile
735,entsorgen,to dispose of
736,schwindlig,"dizzy, dizzily"
737,"die Kaufentscheidung, -en",purchasing decision
738,"der Gesang, Gesänge",singing
739,das Recycling (Singular),recycling
740,"vornehmen (sich) (nimmt vor, nahm vor, hat vorgenommen)",to carry out
741,"schlagen (schlägt, schlug, hat geschlagen)","to beat, hit"
742,"die Arbeitskraft, Arbeitskräfte",workforce
743,"die Möhre, -n",carrot
744,"die Beziehung, -en",relationship
745,"die Maschine, -n",machine
746,wehren (sich),to defend
747,elektronisch,electronic(ally)
748,"der Fleischhauer, - (Österreich)",butcher (Austria)
749,"die Erholungsmöglichkeit, -en",recreational opportunity
750,Positives,positive thing
751,der Optimismus (Singular),optimism
752,"zurückerhalten (erhält zurück, erhielt zurück, hat zurückerhalten)",to get back
753,retten,to rescue
754,irren,"here: to stray, roam about"
755,rasend,"rapid, furious"
756,die Passivität (Singular),passivity
757,"der Quilt, -s",quilt
758,"die Schwangerschaft, -en",pregnancy
759,"das Skirennen, -",skiing race
760,"die Kaufmannsfamilie, -n",merchant family
761,der Respekt (Singular),respect
762,"die Herausforderung, -en",challenge
763,"das Haar, -e",hair
764,"beißen (beißt, biss, hat gebissen)",to bite
765,das Musikstudium (Singular),study of music
766,"die Aufnahme, -n","recording, intake"
767,die Arbeitserlaubnis (Singular),work permit
768,"die Zigarette, -n",cigarette
769,"der Ohrring, -e",earring
770,"das Gegenteil, -e","contrary, opposite"
771,"die Flüchtlingsfrau, -en",female refugee
772,"der Traummann, -männer",dream man
773,"das Fahrzeug, -e",automobile
774,nächtlich,nightly
775,der Zoll (Singular),customs
776,setzen (Grenzen setzen),to set (to set boundaries)
777,"die Demokratie, -n",democracy
778,"die Lehne, -n","backrest, armrest"
779,bevor,before
780,dokumentieren,to document
781,die Verfügung (Singular) (zur Verfügung stehen),"available, disposal (to be at one‘s disposal)"
782,der Dusel (Singular),"luck, fluke"
783,"das Wellnesshotel, -s",spa hotel
784,"die Vorstellung, -en","vision, imagination"
785,"wiederbekommen (bekommt wieder, bekam wieder, hat wiederbekommen)",to get back
786,"der Werbeprospekt, -e",advertising brochure
787,"ausziehen (zieht aus, zog aus, ist ausgezogen) (Wir sind aus unserer Wohnung ausgezogen.)",to move out (We moved out of our apartment.)
788,ausdrucken,to print out
789,"das Papiertaschentuch,",paper tissue
790,"der Elektronikmarkt, Elektronikmärkte",electronics store
791,das Autofahren (Singular),car driving
792,"gell (Das war super, gell?)","huh, right (That was awesome, right?)"
793,"die Zone, -n",zone
794,"der Kasten, Kästen",box
795,"der Politiker, -",politician (m.)
796,"die Krankheit, -en",illness
797,unterstützen,to support
798,wunderschön,"beautiful, lovely"
799,bewerten,to evaluate
800,auflösen,"to dissolve, resolve"
801,dauerhaft,permanent(ly)
802,beten,to pray
803,"die Blumenzwiebel, -n",flower bulb
804,"der Teich, -e",pond
805,schätzen (Ich schätze dieses Gemälde sehr.),"to value, estimate (I really value this painting.)"
806,vegetarisch,vegetarian
807,erwähnen,to mention
808,thematisch,thematic(ally)
809,"das Verpackungsmaterial, -materialien",packaging material
810,das Kinderland (Singular),kids zone
811,"die Einkommensstruktur, -en",income distribution
812,schauen,to look
813,"die Partnerschaft, -en",partnership
814,"die Kaiserin, -nen",empress
815,"das Visum, Visa",visa
816,"die Großtante, -n",great-aunt
817,"der Wohnraum, Wohnräume",living space
818,erfahren (Wir suchen erfahrene Techniker.),experienced (We are looking for experienced technicians.)
819,führen (ein Restaurant führen),"to lead, run (running a restaurant)"
820,"vergraben (vergräbt, vergrub, hat vergraben)",to bury
821,"zurückgehen (geht zurück, ging zurück, ist zurückgegangen) (Es geht zurück nach Hause.)",to go back (He’s going back home.)
822,endlos,endless(ly)
823,"die Menschenmasse, -n","crowd, mass"
824,"die Trambahn, -en","streetcar, tram"
825,musizieren,to play music
826,"die Wurstwarenfabrik, -en",sausage factory
827,"die Fremdsprachenkenntnis, -se",knowledge of foreign languages
828,"das Gehaltsniveau, -s",salary level
829,prinzipiell,in principle
830,"die Attraktion, -en",attraction
831,"der Rollschuh, -e",roller skate
832,das Helle (Singular),light
833,"der Stundenlohn, Stundenlöhne",hourly wage
834,berücksichtigen,to consider
835,"das Streitgespräch, -e","argument, debate"
836,kämmen (sich),to comb
837,die Europäische Union (Singular),European Union
838,"der Kredit, -e",credit
839,"das Radwegnetz, -e",network of bicycle paths
840,"ruhig bleiben (bleibt ruhig, blieb ruhig, ist ruhig geblieben)",to stay calm
841,"das Inserat, -e","advertisement, insert"
842,respektieren,to respect
843,beschäftigen,"to busy, occupy"
844,"das Ende, -n (am Ende sein)",end (to be at the end)
845,"der Drehtag, -e",day of shooting
846,vergleichbar,comparable
847,"der Apparat, -e","appratus, machine"
848,"der Moderator, Moderatoren",moderator
849,contra,"against, con"
850,"die Konzertreise, -n",concert tour
851,"die Großfamilie, -n",extended family
852,"der Themenbereich, -e","topic, subject area"
853,inzwischen,between
854,mitarbeiten,"to work together, to work with s.o."
855,erwachen,to awaken
856,"das Volkslied, -er",folk song
857,"der Investor, -en",investor
858,"der Rollstuhl, Rollstühle",wheelchair
859,"die Vase,-n",vase
860,optimistisch,optimistic(ally)
861,erholsam,"relaxing, refreshing"
862,"das Gesicht, -er",face
863,"der Lernbegleiter, -",learning companion
864,"der Hirsch, -e","deer, stag"
865,"der Nichtraucher, -",non-smoker
866,"die Union, -en (die Europäische Union)",union (the European Union)
867,beschädigen,"to damage, deface"
868,unterhalb,below
869,ungewöhnlich,unusual(ly)
870,"der Bauer, -n",farmer (m.)
871,"der Sektbecher, -",cup of champagne
872,monoton,monotonous(ly)
873,innerhalb (+ Genitiv),"within, inside"
874,"das Viertel, -",quarter
875,geeignet,"suitable, suitably"
876,"einziehen (zieht ein, zog ein, ist eingezogen) (Elisa zieht bei Tom und Nina ein.)",to move in (Elisa is moving in with Tom and Nina.)
877,nähen,"to sew, stitch"
878,der Sozialkundeunterricht (Singular),social studies class
879,die Lebensdauer (Singular),lifespan
880,"der Stofflumpen, -",cloth rags
881,der Lärm (Singular),noise
882,regional,regional(ly)
883,der Umgang (Singular),handling
884,"der Diplomat, -en",diplomat (m.)
885,"die Notaufnahme, -n",emergency room
886,die Feuerwehrleute (Plural),firefighters
887,"der Rhythmus, Rhythmen",rhythm
888,"ansprechen (spricht an, sprach an, hat angesprochen)","to appeal to, address"
889,"der Pate, -n",godparent
890,"der Sandwich, -s",sandwich
891,"das Hawk-Eye, -s",hawk eye
892,erzielen,"to acheive, attain"
893,"der/die Interessierte, -n",interest
894,"die Fußgängerzone, -n",pedestrian zone
895,regnerisch,rainy
896,"hingehen (geht hin, ging hin, ist hingegangen)",to go there
897,Papiertaschentücher der Süßstoff (Singular),sweetener
898,sämtlich,all
899,"die Kandidatin, -nen",candidate (f.)
900,"einbringen (bringt ein, brachte ein, hat eingebracht)",to bring in
901,"die Schwierigkeit, -en",difficulty
902,aufbewahren,"to store, keep"
903,inhaltlich,relevant
904,die Halbzeit (Singular) (Halbzeit im Urlaub),halftime (Vacation halftime)
905,"das Schweinekotelett, -s",pork chop
906,erleichtert,relieved
907,"die Republik, -en",republic
908,körperlich,"physical(ly), bodily"
909,"der E-Book-Reader, -",e-book reader
910,"das Girokonto, -konten",checking account
911,"darum (Es geht darum, neugierig zu machen)",here: about that (It’s about making people curious.)
912,"der Dieb, -e",thief
913,langweilen (sich),to be bored
914,die Schulbildung (Singular),education
915,signalisieren,to signal
916,"fliehen (flieht, floh, ist geflohen)","to flee, escape"
917,"der Bescheid, -e (Bescheid sagen) (Wir wissen Bescheid.)","here: clue, idea (to let s.o. know) (We know for sure.)"
918,pessimistisch,pessimistic(ally)
919,sonstige,other
920,"die Duschzeit, -en",shower duration
921,"die EC-Karte, -n",debit card
922,"das Zebra, -s",zebra
923,"das Insekt, -en",insect
924,stumm,"mute(ly), quiet(ly)"
925,"die Reklame, -n",advertisement
926,die Gewalt (Singular),"force, violence"
927,"die Stammkneipe, -n",local pub
928,"der Täter, -","offender, culprit"
929,"der Nachtdienst, -e",night shift
930,die Jugend (Singular),youth
931,"der Zoo, -s",zoo
932,"der Magen, Mägen",stomach
933,"das Gepäckfach, Gepäckfächer",luggage compartment
934,"gelingen (gelingt, gelang, ist gelungen)",to succeed
935,"der Dauerauftrag, -aufträge","recurring payment, standing order"
936,"der Arbeitgeber, -",employer
937,flüssig,fluid(ly)
938,"die Ehe, -n",marriage
939,bedürftig,needy
940,tagelang,for days
941,untersuchen,"to examine, investigate"
942,"die Radiodiskussion, -en",radio discussion
943,der Verbrauch (Singular),consumption
944,der Papierverbrauch (Singular),paper use
945,sicherlich,sure(ly)
946,entweder (entweder … oder),either (either … or)
947,"der Freundeskreis, -e",circle of friends
948,die Geschichte (Singular),history
949,buchen,to book
950,"der Charakter, -",character
951,"die Beziehungskiste, -n",relationship
952,die Müllabfuhr (Singular),trash removal
953,"der Refrain, -s",refrain
954,"die Geschwindigkeit, -en","speed, velocity"
955,freuen (sich) (über + Akk.) (Ich freue mich über das gute Ergebnis.),to be pleased (I’m pleased about the good result.)
956,alle (alle möglichen) (Die Leute pflanzen alle möglichen Blumen.),all (all kinds of) (People are planting all kinds of flowers.)
957,sparsam,"economical(ly), frugal(ly)"
958,der Mars (Singular),Mars
959,"der Betreuer, -",supervisor
960,"die Mechatronikerin, -nen",mechanical electronics engineer (f.)
961,verwalten,"to manage, administer"
962,"die Inhaltsbeschreibung, -en",content description
963,die Gleichberechtigung (Singular),equality
964,"der Facharzt, -ärzte",medical specialist
965,"die Autofirma, Autofirmen",car company
966,verletzen (sich),to injure
967,"die Patenschaft, -en","sponsorship, godparenthood"
968,"die PIN, -s","PIN, personal identification number"
969,"werben (wirbt, warb, hat geworben)",to advertise
970,"das Schaf, -e",sheep
971,"der Begriff, -e",term
972,vorhanden,"existing, available"
973,"die Arbeitswoche, -n",workweek
974,"der Handwerker, -",artisan (m.)
975,"die Goldwaage, -n (jedes Wort auf die Goldwaage legen)","balance, scales (to overanalyze every word)"
976,ehrenamtlich,unpaid
977,"die Kulisse, -n",backdrop
978,bewahren,"to keep, preserve"
979,"die Schwäche, -n",weakness
980,erstellen,"to construct, draw up"
981,"die Mühe, -n",effort
982,"das Partnerinterview, -s",partner interview
983,"Salsa (Singular, ohne Artikel)",salsa music
984,"die Einheit, -en",unity
985,"der E-Book-Leser, -",e-book reader
986,"der Rang, Ränge",rank
987,Vergangenes,past
988,stärken (das Herz stärken),"to strengthen, reinforce (to strengthen the heart)"
989,"betrügen (betrügt, betrog, hat betrogen)",to betray
990,meistern,to master
991,sichtbar,"visible, visibly"
992,"brennen (brennt, brannte, hat gebrannt)",to burn
993,"verhalten (sich) (verhält, verhielt, hat verhalten) (das Verhalten)","to behave, restrain (behavior)"
994,"aufwachsen (wächst auf, wuchs auf, ist aufgewachsen)",to grow up
995,"der Löwe, -n",lion
996,schätzen (auf + Akk.) (Das Auktionshaus schätzt den Wert des Kunstwerks auf 8000 Euro.),"to estimate, value (The auction house estimates the value of this piece of art at 8,000 Euro.)"
997,relevant,relevant
998,das Geschenkpapier (Singular),wrapping paper
999,einsetzen,"to use, employ, install"
1000,weiterhin (Ich möchte weiterhin arbeiten.),further (I want to carry on working.)
1001,geregelt,"controlled, orderly, settled"
1002,die Herstellung (Singular),manufacture
1003,die Flucht (Singular),escape
1004,"um sein (ist um, war um, ist um gewesen) (Der Krimi war schon zur Hälfte um.)",to be over (The crime show was already half over.)
1005,sonnig,sunny
1006,die Bildung (Singular),"education, formation"
1007,"die Kursstunde, -n",class hour
1008,"der Diebstahl, Diebstähle",theft
1009,"der Sonnenaufgang, Sonnenaufgänge",sunrise
1010,"der Klebefilm, -e",adhesive film
1011,"die Pressekonferenz, -en",press conference
1012,kraftlos,powerless(ly)
1013,"das Netz, -e",net
1014,"die Fahrt, -en","drive, ride"
1015,das Gebäck (Singular),cookie
1016,"die Bewegung, -en",movement
1017,"der Mond, -e",moon
1018,aktiv,active(ly)
1019,gepflegt,"neat, refined"
1020,"die Jagd, -en",hunt
1021,übernachten,to spend the night
1022,"bis (Ich warte, bis du kommst.)","until, up to (How long will it be until you come?)"
1023,"einwerfen (wirft ein, warf ein, hat eingeworfen)","to insert, throw in"
1024,"der Fisch, -e",fish
1025,berühren,to touch
1026,gedruckt,printed
1027,die Massenproduktion (Singular),mass production
1028,involviert,involved
1029,"der Erdapfel, Erdäpfel (Österreich)",potato (Austria)
1030,"der Neuanfang, Neuanfänge",new beginning
1031,drohen,to threaten
1032,"der/die Verdächtige, -n",suspect
1033,"der Top-Koch, Top-Köche",top chef (m.)
1034,die Fairness (Singular),fairness
1035,geteilt,divided
1036,"die Wohnsituation, -en",living situation
1037,"gefallen lassen (sich) (lässt sich gefallen, ließ sich gefallen, hat sich gefallen lassen)","to put up with, tolerate"
1038,"die Droge, -n",drug
1039,"die Biene, -n",bee
1040,"der Praktikant, -en","intern, trainee (m.)"
1041,die Wohnungssuche (Singular),apartment search
1042,Bosnien,Bosnia
1043,süchtig (nach) (nach einer Droge süchtig werden),addicted (to become addicted to a drug)
1044,"die Stadtmauer, -n",city wall
1045,"anziehen (zieht an, zog an, hat angezogen) (Gute Rankings ziehen Investoren an.)","to attract, pull in (Good rankings attract investors.)"
1046,"der Farbdrucker, -",color printer
1047,"das Sonderangebot, -e",special offer
1048,zaubern,to conjure
1049,"die Statue, -n",statue
1050,"der Verkauf, Verkäufe",sale
1051,"das Jobcenter, -",career center
1052,"der Stadtgarten, -gärten",city garden
1053,"die Fleischfabrik, -en",meatpacking plant
1054,"der Dokumentarfilm, -e",documentary film
1055,"offen lassen (lässt offen, ließ offen, hat offen gelassen)",to leave open
1056,"Heavy Metal (Singular, ohne Artikel)",heavy metal
1057,hinhören,to listen closely
1058,"der Almurlaub, -e",Alpine vacation
1059,"die Auswertung, -en",evaluation
1060,"der Slogan, -s",slogan
1061,aussagekräftig,meaningful
1062,"die Geige, -n",violin
1063,"die Wahrheit, -en",truth
1064,das Verständnis (Singular),"understanding, sympathy"
1065,die Toleranz (Singular),tolerance
1066,"die Reklamation, -en",complaint
1067,abstimmen,to take a vote
1068,europäisch,European
1069,"der Dienst, -e (im Dienst sein)","work, service (to be at work)"
1070,"die Region, -en",region
1071,"der Teilzeitjob, -s",part-time job
1072,"die Broschüre, -n",brochure
1073,"der Leser, -","reader, lecturer (m.)"
1074,"die Aufforderung, -en","request, challenge"
1075,"das Freizeitangebot, -e",recreational activity
1076,"brechen (bricht, brach, hat gebrochen)",to break
1077,grandios,grandiose
1078,elektrisch,electric(ally)
1079,"die Lebensweisheit, -en",worldly wisdom
1080,niemals,never
1081,künstlich,artificial
1082,"die Lernmenge, -n",amount to learn
1083,"dasselbe, derselbe, dieselbe",the same
1084,"der Studienplatz, -plätze",place to study
1085,"der Vorsatz, Vorsätze",resolution
1086,"das Werk, -e (vergebliche Werke)","work, deed (forgivable deeds)"
1087,"das Vorstellungsgespräch, -e",interview
1088,beteiligen (sich) (an + Dat.),to participate
1089,die Bundesrepublik (Singular),federal republic
1090,prophezeien,to predict
1091,gelähmt,paralyzed
1092,"das Kunstwerk, -e",artwork
1093,teilen (Ich teile Ihre Meinung nicht.),to share (I don’t share your opinion.)
1094,die Wirklichkeit (Singular),truth
1095,bundesweit,nationwide
1096,einrichten,"to establish, set up"
1097,"die Innenstadt, Innenstädte",downtown
1098,schwitzen,to sweat
1099,basieren (auf + Akk.),"to base, be based"
1100,wegen (+ Genitiv/Dativ),because of
1101,verbrauchen,"to consume, use up"
1102,"die Freizeitaktivität, -en",leisure activity
1103,"der Betrag, Beträge","sum, amount"
1104,"der Notfall, Notfälle",emergency
1105,banal,banal(ly)
1106,"der Vergleich, -e",comparison
1107,faulenzen,to loaf around
1108,verzweifelt,desperate(ly)
1109,"der Banker, -",banker
1110,"der Smalltalk, -s",small talk
1111,"melken (melkt, melkte, hat gemolken)",to milk
1112,kräftig,strong(ly)
1113,"die Videonachricht, -en",video message
1114,traumhaft,fantastic(al)
1115,global,global(ly)
1116,unregelmäßig,irregular
1117,dunkelhaarig,dark-haired
1118,"die Zuordnung, -en","classification, assignment"
1119,"die Ganztagsschule, -n",day school
1120,"der Kopf, Köpfe (durch den Kopf gehen)",head (to go through the head)
1121,dabei,here: considering
1122,"das Steak, -s",steak
1123,falls,in case
1124,"der Wurf, Würfe",throw
1125,die Antike (Singular),antiquity
1126,die Chips (Plural) (Kaufst du mir eine Tüte Chips?),chips (Will you buy me a bag of chips?)
1127,die Vollpension (Singular),"full board, meals included"
1128,"einnehmen (nimmt ein, nahm ein, hat eingenommen)",to take in
1129,"die Äußerung, -en",statement
1130,"die Schauspielschule, -n",acting school
1131,das Gedächtnis (Singular),memory
1132,"die Trennung, -en",separation
1133,ändern,to alter
1134,"der Klebezettel, -",sticky note
1135,"der Matheprofi, -s",math pro
1136,"der Laden, Läden",shop
1137,"der Fuchs, Füchse",fox
1138,"das Schreibmaterial, -ein",writing material
1139,ernsthaft,"serious(ly), earnest(ly)"
1140,"der Knödel, -",German dumpling
1141,"der Manager, -",manager
1142,"die Diät-Assistentin, -nen",dietary assistant
1143,"anhaben (hat an, hatte an, hat angehabt)","to wear, have on"
1144,"der Türöffner, -",door opener
1145,senkrecht,"vertical, perpendicular"
1146,undiplomatisch,undiplomatic(ally)
1147,"die Pianistin, -nen",pianist (f.)
1148,"angehen (geht an, ging an, ist angegangen)","here: to concern s.o., be s.o.‘s business"
1149,woran (Woran erinnerst du dich?),about what (What do you remember about it?)
1150,"der Plastikbecher, -",pastic cup
1151,"das Modell, -e",model
1152,fortsetzen,"to continue, resume"
1153,"das Detail, -s",detail
1154,"das Mineralwasser, -",mineral water
1155,"das Öko-Duell, -s/-e",eco-duel
1156,"vorbeikommen (kommt vorbei, kam vorbei, ist vorbeigekommen)","to come by, drop in"
1157,die Zufriedenheit (Singular),satisfaction
1158,"das Pflaster, -",bandage
1159,quer,crosswise
1160,"der Trend, -s",trend
1161,als auch (sowohl … als auch),here: and; as well as (both … and)
1162,"die Spielstadt, -städte",play city
1163,die Ruhe (Singular),"quiet, rest"
1164,geheim,secret(ly)
1165,"die Informationsquelle, -n",information source
1166,"die Patrone, -n",ink cartridge
1167,"die Lieferung, -en",shipment
1168,begeistern,"to inspire, excite"
1169,erben,to inherit
1170,unmodern,unfashionable
1171,"der Zoodirektor, -direktoren",zoo director
1172,"Moll (Singular, ohne Artikel)",minor key
1173,der Wasserverbrauch (Singular),water consumption
1174,"die Entlassung, -en",discharge
1175,davor,before that
1176,die Mülltrennung (Singular),waste sorting
1177,"der Austauschschüler, -",exchange student
1178,"auftreten (tritt auf, trat auf, ist aufgetreten)","to occur, appear"
1179,üblich,usual
1180,"die Straßenseite, -n",side of the street
1181,"die Mahnung, -en",reminder
1182,als ob,as if
1183,"das Schlagzeug, -e","drums, percussion"
1184,zusammenleben,to live together
1185,dünn,thin(ly)
1186,"das Gehalt, Gehälter",salary
1187,"der Streit, -e","dispute, argument"
1188,musikalisch,musical(ly)
1189,"die Bio-Limonade, -n",organic lemonade
1190,die Schönheit (Singular),beauty
1191,"verschreiben (verschreibt, verschrieb, hat verschrieben)",to prescribe
1192,"der Stadtteil, -e",part of town; quarter
1193,"die Ökobilanz, -en","ecobalance, life-cycle assessment"
1194,vertraut machen (sich) (mit + Dat.),to become familiar with
1195,"die Gebühr, -en","fee, tax"
1196,"die Entdeckungsreise, -n",voyage of discovery
1197,"der Verkaufsstand, -stände",sales booth
1198,"umarmen (umarmt, umarmte, hat umarmt)","to embrace, hug"
1199,"das Gerichtsschiff, -e",floating courthouse
1200,die Beute (Singular),"prey, quarry"
1201,"die Institution, -en",institution
1202,das Kaffeepulver (Singular),coffee grounds
1203,"bedenken (bedenkt, bedachte, hat bedacht)",to consider
1204,sperren (Ich musste gestern meine EC-Karte sperren lassen.),"to cancel, block, close off, freeze (I had to cancel my debit card yesterday.)"
1205,gesperrt,"closed, blocked"
1206,"der Tierpark, -s",zoo
1207,"die Rede, -n",speech
1208,"der Schlachthof, Schlachthöfe",slaughterhouse
1209,"der Todesfall, Todesfälle",death
1210,opfern,to sacrifice
1211,"die Bühne, -n (ein Stück auf die Bühne bringen)",stage (to bring a play to the stage)
1212,"die Münze, -n",coin
1213,"der Zahlencode, -s",numerical code
1214,schräg,"oblique(ly), diagonal(ly)"
1215,"der Puls, -e","beat, pulse"
1216,"die Papiertüte, Papiertüten",paper bag
1217,"die Werbeagentur, -en",advertising agency
1218,"arm, ärmer, am ärmsten",poor(ly)
1219,blutig,"bloody, bloodily"
1220,"die Versichertenkarte, -n",insurance card
1221,touristisch,touristic
1222,"die Gemeinschaft, -en (die Europäische Gemeinschaft)",community (the European Community)
1223,"das Kriterium, Kriterien",criterion
1224,"der Verleger, -",publisher (m.)
1225,"der Anhang, Anhänge",appendix
1226,"die Körpersprache, -n",body language
1227,"der Behördengang, Behördengänge",visit to the authorities
1228,der Wille (Singular),will
1229,"sinken (sinkt, sank, ist gesunken)","to fall, sink"
1230,dagegen,against s.t.
1231,"heben (hebt, hob, hat gehoben)",to lift
1232,"das Boot, -e",boat
1233,"das Küchenteam, -s",kitchen staff
1234,"das Unikat, -e",unique piece
1235,"herankommen (kommt heran, kam heran, ist herangekommen)",to come near
1236,der Autoverkehr (Singular),vehicle traffic
1237,"der Wert, -e (die Werte in einer Gesellschaft)",value (the values in a society)
1238,vergeblich,forgivable
1239,"das Grundstück, -e","plot of land, property"
1240,"das Gebiet, -e","area, territory"
1241,"fallen (fällt, fiel, ist gefallen)",to fall
1242,irgendwann,sometime
1243,blond,blond
1244,"einschlagen (schlägt ein, schlug ein, hat eingeschlagen) (einen neuen Weg einschlagen)",here: to pursue (to pursue an new path)
1245,das Hühnerfleisch (Singular),chicken meat
1246,"die Flöte, -n",flute
1247,Amerika,America
1248,original,original(ly)
1249,"die Fortbildung, -en",further education; continuing education
1250,mittlerweile,in the meantime
1251,scheinbar,apparent(ly)
1252,wertvoll,valuable
1253,"die Menge, -n","amount, quantity"
1254,loben,to praise
1255,"das Gasthaus, -häuser",inn
1256,"der Wunderkräutertee, -s",miracle herbal tea
1257,eignen (sich) (für + Akk.),to be suitable for
1258,"das Ballett, -s",ballet
1259,feucht,"moist, humid"
1260,verhaften,to arrest
1261,die Integration (Singular),integration
1262,geometrisch,geometric(ally)
1263,"die Auktion, -en",auction
1264,"der Boden, Böden","floor, bottom, ground"
1265,wahnsinnig,"insane(ly), crazy, crazily"
1266,"der Bankautomat, -en","ATM, automatic teller machine"
1267,"hereinkommen (kommt herein, kam herein, ist hereingekommen)",to come in
1268,nacheinander,successively
1269,die Ehrlichkeit (Singular),"honesty, sincerity"
1270,indianisch,Indian
1271,die EU (Singular) (die Europäische Union),EU (the European Union)
1272,"das Städteranking, -s",city ranking
1273,die Jobsuche (Singular),job search
1274,"der Konsument, -en",consumer
1275,nutzen,"to use, take advantage of"
1276,die Aufmerksamkeit (Singular),attention
1277,"die Frühschicht, -en",morning shift
1278,weiterverschenken,to re-gift
1279,"die Blockade, -n","obstacle, blockade"
1280,"zurückbekommen (bekommt zurück, bekam zurück, hat zurückbekommen)",to get back
1281,das Muss (Singular),must
1282,dorthin,there
1283,"heimkommen (kommt heim, kam heim, ist heimgekommen)",to come home
1284,illustrieren,to illustrate
1285,"die Siedlung, -en","settlement, housing scheme"
1286,"das Kunstobjekt, -e",artwork
1287,"das Mischbrot, -e",brown bread
1288,"die Eurone, -n (ugs.)",Euro (colloq.)
1289,"die Installation, -en",installation
1290,der Schmutz (Singular),"dirt, grime"
1291,daraus,here: from that
1292,laut (Laut aktuellen Forschungen sollten Schüler Freude am Entdecken haben.),"here: according to (According to recent research, students should find joy in discovery.)"
1293,anschalten,to turn on
1294,transportieren,to transport
1295,"die Bescheinigung, -en",certificate
1296,"der Spruch, Sprüche",saying
1297,"das Ehepaar, -e",married couple
1298,das Engagement (Singular),"commitment, involvement"
1299,nötig,"necessary, required"
1300,"der Vorwurf, Vorwürfe",accusation
1301,"der Stadtführer, -",city guide
1302,"der Personalchef, -s",HR director
1303,"die Harmonie, -n",harmony
1304,"der Trainingsanzug, -anzüge",track suit
1305,notwendig,"necessary, required"
1306,"das Schicksal, -e",fate
1307,"die Briefmarke, -n",postage stamp
1308,darum (Ich habe nicht aufgepasst. Darum habe ich mein Handy verloren.),"that’s why (I didn’t pay attention, that’s why I lost my call phone.)"
1309,"der Kompromiss, -e",compromise
1310,"der Blödmann, Blödmänner","buffoon, blockhead"
1311,Dutzende,dozens
1312,"das Ranking, -s",ranking
1313,fruchtbar,"fruitful, prolific"
1314,die Schmerzen (Plural),pain
1315,der Tourismus (Singular),tourism
1316,gewöhnlich,"usual(ly), ordinary, ordinarily"
1317,die DDR (Singular),German Democratic Republic
1318,die Theaterleute (Plural),theater professionals
1319,Indien,India
1320,regieren,"to rule, govern"
1321,solche/solcher,such
1322,"die Theaterbühne, -n",theatrical stage
1323,"die Vorhersage, -n",forecast
1324,"Hip-Hop (Singular, ohne Artikel)",hip-hop
1325,assoziieren,to associate
1326,das Publikum (Singular),audience
1327,vor lauter (Ich habe vor lauter Aufregung alles vergessen.),"here: out of sheer, total (Out of sheer excitement, I forgot everything.)"
1328,"der Affe, -n","monkey, ape"
1329,"ankommen (kommt an, kam an, ist angekommen) (bei + Dat.) (Die Fotos kommen bei den Besuchern gut an.)","to arrive, come across (The photos were well-received by the visitors.)"
1330,freuen (sich) (auf + Akk.) (Ich freue mich auf den Urlaub.),to look forward to (I’m looking forward to my holidays.)
1331,"das Horoskop, -e",horoscope
1332,"der Lehrling, -e","apprentice, trainee"
1333,"der/die Obdachlose, -n",homeless person
1334,befreien,"to liberate, free"
1335,zuständig,responsible
1336,motiviert,motivated
1337,"der Beleg, -e","document, voucher"
1338,trauen (sich),to trust
1339,über … hinweg,beyond
1340,interkulturell,intercultural(ly)
1341,"anschließen (schließt an, schloss an, hat angeschlossen)",to connect
1342,der Humor (Singular),humor
1343,"aufladen (lädt auf, lud auf, hat aufgeladen)","to load up, recharge"
1344,"die Stellung, -en (die Stellung im Satz)",position (the position within the sentence)
1345,klicken,to click
1346,"die Markierung, -en",marking
1347,"verzeihen (verzeiht, verzieh, hat verziehen)","to forgive, excuse, pardon"
1348,"das Sternzeichen, -",star sign
1349,"der Fußabdruck, Fußabdrücke",footprint
1350,"der Pilz, -e","mushroom, toadstool"
1351,"der Stecker, -",plug
1352,"die Zentrale, -n",headquarters
1353,"die Rufnummer, -n",telephone number
1354,"der Zitronenbaum, Zitronenbäume",lemon tree
1355,"das Gegenüber, s, -",counterpart
1356,die Urlaubsplanung (Singular),vacation planning
1357,die Wolle (Singular),wool
1358,speziell,"special(ly), specific(ally)"
1359,gründlich,thorough(ly)
1360,"der Tunnel, -s",tunnel
1361,"das Stiftungsvermögen, -",endowment
1362,"behalten (behält, behielt, hat behalten)",to keep
1363,"das Infoblatt, -blätter",fact sheet
1364,"die Strategie, -n",strategy
1365,"der Notausgang, -ausgänge",emergency exit
1366,relativ,relative(ly)
1367,"die Dur-Tonart, -en",major key
1368,"die Kröte, -n",turtle
1369,die Haut (Singular),skin
1370,abschwächen,"to weaken, tone down"
1371,das Regenrisiko (Singular),chance of rain
1372,jubeln,to cheer
1373,parken,to park
1374,"die Entwicklung, -en",development
1375,stürmisch,stormy
1376,zumindest,at least
1377,bereit,prepared
1378,"die Bedeutung, -en",meaning
1379,darüber (Darüber möchte ich nicht sprechen.),here: about that (I don’t want to talk about that.)
1380,die Mäuse (Plural) (ugs. für Geld),mice (colloq. for money)
1381,die Kursunterlagen (Plural),course documents
1382,"(Was ich mache, geht dich nichts an.)",(What I do is none of your business.)
1383,"der Rettungsdienst, -e",ambulance service
1384,"die Kopie, -n",copy
1385,pur,pure(ly)
1386,der Unterrichtsstoff (Singular),teaching material
1387,einzigartig,"unique, singular"
1388,eilig,"hasty, hastily"
1389,"laden (lädt, lud, hat geladen)","to load, charge"
1390,ausschließlich,exclusive(ly)
1391,"die Dienstleistung, -en",service
1392,prüfen,"to test, probe, look into"
1393,die Betreuung (Singular),"care, supervision"
1394,lachend,laughing(ly)
1395,bemühen (sich) (um + Akk.),"to strive, trouble"
1396,längst,long ago
1397,ein wenig,a little
1398,"der Brand, Brände","fire, blaze"
1399,"einziehen (zieht ein, zog ein, hat eingezogen) (Der Automat hat meine Karte eingezogen.)","to collect, pull in, confiscate (The ATM confiscated my card.)"
1400,"die Stiege, -n (Österreich)",stairs (Austria)
1401,zuschicken,to send over
1402,staunen,to be astonished
1403,zukünftig,future
1404,sobald,as soon as
1405,äußerst,"extremely, exceedingly"
1406,anreisen,to travel to
1407,entzwei,"in two, in half"
1408,behindert,"disabled, handicapped"
1409,"die Straßenlaterne, -n",streetlight
1410,knurren (Mir knurrt der Magen vor Hunger.),rumble (My stomach is rumbling with hunger.)
1411,"der Bart, Bärte",beard
1412,"die Fliege, -n",fly
1413,spekulieren,to speculate
1414,kündigen,to resign; to dismiss
1415,"werfen (wirft, warf, hat geworfen)","to throw, toss"
1416,die Menschenkenntnis (Singular),people skills
1417,giftig,poisonous(ly)
1418,"die Stofftasche, -n",cloth bag
1419,"die Wahl, -en (Die Menschenmenge fordert freie Wahlen.)",elections (The masses demand free elections.)
1420,jetzig,"current, present"
1421,dankbar,thankful(ly)
1422,"der Ausstellungsbesucher, -",exhibition visitors
1423,darunter,among them
1424,gegliedert,structured
1425,ätzend,"caustic(ally), lousy, lousily"
1426,"recht geben (gibt recht, gab recht, hat recht gegeben)","to agree, concede"
1427,"hineingehen (geht hinein, ging hinein, ist die Hochtouren (Plural) (Alle arbeiten auf Hochtouren.)","to go in full speed, high gear (Everyone is working a full speed.)"
1428,"der Einkauf, Einkäufe",purchase
1429,"der Transportweg, -e",transport corridor
1430,ausfüllen,to fill out
1431,"das Muster, -",pattern
1432,"der Geschmack, Geschmäcker","flavor, taste"
1433,"der Bass, Bässe",bass
1434,"der Kontoauszug, -auszüge",account withdrawal
1435,einparken,to park
1436,bügeln,to iron
1437,die Wetterbesserung (Singular),weather improvement
1438,"das Büdchen, -",kiosk
1439,die Schminke (Singular),makeup
1440,"die Botschaft, -en",embassy
1441,"die Motto-Party, -s",themed party
1442,beleuchten,to light up
1443,mitrechnen,"to add in, include"
1444,"die Olympiade, -n",Olympic games
1445,unschlagbar,"unbeatable, invincible"
1446,das Kleingeld (Singular),small change
1447,"das Huhn, Hühner",chicken
1448,pfiffig,"smart, clever"
1449,dienen (als + Akk.),to serve
1450,"die Analyse, -n",analysis
1451,"das Currygewürz, -e",curry
1452,"zusammentreffen (trifft zusammen, traf zusammen, ist zusammengetroffen)","to meet, to encounter"
1453,"die Wende, -n",turn
1454,feierlich,ceremonial(ly)
1455,zerstören,to destroy
1456,vernichten,"to destroy, annihilate"
1457,"begegnen (begegnet, begegnete, ist begegnet)",to encounter
1458,"der Bürgermeister, -",mayor
1459,"die Therapie, -n",therapy
1460,inkl. (inklusive),incl. (inclusive)
1461,"die Ahnung, -en","idea, notion"
1462,"erhalten (erhält, erhielt, hat erhalten)","to get, obtain"
1463,das Kaufverhalten (Singular),purchasing behavior
1464,"die Frisur, -en",haircut
1465,immerhin,after all
1466,"der Einfluss, Einflüsse",influence
1467,freundlich (Mit freundlichen Grüßen),friendly (with friendly greetings)
1468,wagen,"to dare, risk"
1469,"der Studiogast, -gäste",studio guest
1470,"die Steckdose, -n","power outlet, socket"
1471,die Ernährung (Singular),nutrition
1472,"der Pflanzenstiel, -e",plant stem
1473,"der Zimmernachbar, -n",next-door neighbor
1474,roh,raw
1475,"die Chemikalie, -n",chemical
1476,"der Fahrkartenautomat, -en",ticket machine
1477,"die Bewertung, -en","assessment, valuation"
1478,der Bundestag (Singular),German legislature
1479,"der Hirnforscher, -",brain researcher
1480,"der Automat, -en","machine, vending machine"
1481,papierlos,paperless(ly)
1482,"die Ordination, -en (Österreich)",(Austria)
1483,ausrücken (Die Feuerwehr rückt fast jede Nacht aus.),"to move out, dispatch (Firefighters are dispatched nearly every night.)"
1484,"das Streichholz, -hölzer",match
1485,erholt,recovered
1486,preiswert,inexpensive(ly)
1487,demokratisch,democratic(ally)
1488,irgendwo,somewhere
1489,umweltfreundlich,environmentally friendly
1490,"die Single, -s",single
1491,das Material (Singular),material
1492,"mitsingen (singt mit, sang mit, hat mitgesungen)",to sing with s.o.
1493,das Festnetz (Singular),landline
1494,"die Tradition, -en",tradition
1495,"die Schulklasse, -n",classroom
1496,anwesend,"present, in attendance"
1497,"der Sponsor, -en",sponsor
1498,schlank,slender
1499,"der Grenzübergang, Grenzübergänge",border crossing
1500,die Globalisierung (Singular),globalization
1501,"der Brauch, Bräuche",custom
1502,diesmal,this time
1503,"die Wissenschaftlerin, -nen",scientist (f.)
1504,sichern,to secure
1505,die Kritik (Singular),criticism
1506,"die Figur, -en",figure
1507,umsonst,for free
1508,"das Gesetz, -e",law
1509,die Beschleunigung (Singular),accelleration
1510,tierisch,brutish(ly)
1511,"die Büchse, -n",tin can
1512,"die Beratung, -en","advice, consultation"
1513,"der Gegner, -",opponent
1514,die Wahl (Singular) (Eine Stofftasche ist die beste Wahl.),choice (A cloth bag is the best choice.)
1515,warnen (vor + Dat.),to warn
1516,besetzt,"occupied, taken"
1517,ausgebildet,trained
1518,die Vollmilch (Singular),whole milk
1519,wieso,why
1520,die Umwelt (Singular),environment
1521,"der Altersdurchschnitt, -e",average age
1522,kulinarisch,"culinary, culinarily"
1523,kleben,to stick
1524,"die Wiedervereinigung, -en",reunion
1525,vermitteln,"to convey, impart"
1526,"der Stopp, -s (In Berlin legen wir einen Stopp ein.)",stop (We’re having a stop in Berlin.)
1527,die Pasta (Singular),pasta
1528,reinigen,"to clean, launder"
1529,das Blei (Singular),lead
1530,"die Alm, -en","meadow, high altitude pasture"
1531,"der Akku, -s",battery
1532,"der Ausgang, Ausgänge",exit
1533,"der Anlass, Anlässe","reason, cause"
1534,"die Konzeption, -en","idea, conception"
1535,"der Schmetterling, -e",butterfly
1536,sorry,sorry
1537,andererseits,on the other hand
1538,"die Programmankündigung, -en",program announcement
1539,"der Fahrradfahrer, -",cyclist
1540,"der Hinweis, -e","clue, piece of advice"
1541,schminken,to make up
1542,"der Neukunde, -n",new customer
1543,ebenso,"as well, likewise"
1544,"schwach, schwächer, am schwächsten",weak(ly)
1545,abräumen,to clear away
1546,"der/die Tote, -n",dead person
1547,auslösen,"to trigger, release"
1548,diplomatisch,diplomatic(ally)
1549,"ausgehen (geht aus, ging aus, ist ausgegangen)","to run out, go out"
1550,"der Weg, -e (sich auf den Weg machen)","way, path (to get on one‘s way)"
1551,"der Almaufenthalt, -e",Alpine visit
1552,da vorne (da hinten),over there (over there)
1553,"die Spritze, -n","injection, syringe"
1554,"die Qualifikation, -en",qualification
1555,lutschen,to suck on
1556,mutig,brave(ly)
1557,aufwachen,to wake up
1558,"die Sitzreihe, -n",seating row
1559,"der/die Abgeordnete, -n",deputy
1560,"der/die Angehörige, -n","member, relative"
1561,die Kohle (Singular) (ugs. für Geld),coal (colloq. for money)
1562,drin,in it
1563,vor allem,"above all, particularly"
1564,das Sprachenlernen (Singular),language acquisition
1565,"die Akte, -n","file, record"
1566,"der Staat, -en",state
1567,"der Auktionator, Auktionatoren",auctioneer
1568,"das Ministerium, Ministerien",ministry
1569,mithilfe (+ Genitiv),with help of; here:using
1570,erkämpfen,"to win, secure"
1571,die Konkurrenz (Singular),competition
1572,"die Unterlage, -n","document, base"
1573,"klarkommen (kommt klar, kam klar, ist klargekommen) (Damit komme ich nicht klar!)",to cope (I can’t cope with this.)
1574,"der/die Blinde, -n",blind person
1575,"die Fabrik, -en",factory
1576,"die Werbeanzeige, -n",advertisement
1577,"das Versprechen, -",promise
1578,tauschen,to trade
1579,"umsehen (sich) (sieht sich um, sah sich um, hat sich umgesehen)",to look around
1580,ausgleichen,"to compensate, even out"
1581,"der Sieger, -","winner, victor"
1582,"die Einschätzung, -en","assessment, estimation"
1583,"zusammenbleiben (bleibt zusammen, blieb zusammen, ist zusammengeblieben)",to stay together
1584,"das Recht, -e","right, justice"
1585,donnern,to thunder
1586,"die Gaststätte, -n",restaurant
1587,hinunterrasen,to race down
1588,humorvoll,humorous(ly)
1589,"der Einwanderer, -",immigrant
1590,das Verhalten (Singular),behavior
1591,auswendig,from memory
1592,der Wohlstand (Singular),prosperity
1593,"die Verkehrssituation, -en",traffic situation
1594,"das Missgeschick, -e",misfortune
1595,die Erziehung (Singular),"education, training"
1596,einschätzen,to assess
1597,"der Sportverein, -e",sports club
1598,"die Sozialsiedlung, -en",social housing project
1599,"das Stadtzentrum, -zentren",city center
1600,"der Ausbildungsplatz, Ausbildungsplätze",trainee position
1601,die Übungssache (Singular),matter of practice
1602,pressen,to press
1603,"rennen (rennt, rannte, ist gerannt)",to run
1604,"geschehen (geschieht, geschah, ist geschehen)","to happen, occur"
1605,anschaffen,"to buy, get"
1606,der Schutz (Singular),protection
1607,schick (sich schick machen),"chic, fancy (to make oneself fancy)"
1608,automatisiert,automated
1609,smart,"smart, intelligent(ly)"
1610,"begeben (sich) (begibt sich, begab sich, hat sich begeben)",to embark
1611,"der Kinderfilm, -e",children‘s film
1612,"festnehmen (nimmt fest, nahm fest, hat festgenommen)",to arrest
1613,wachsend,"growing, expanding"
1614,gebrauchen (So kann ich das Gerät nicht gebrauchen.),to use (I can’t use this thing as it is.)
1615,"der Hut, Hüte",hat
1616,"das Abgas, -e",exhaust
1617,"der Tänzer, -",dancer
1618,sowohl (sowohl … als auch),both
1619,reichen,to pass; to hand
1620,das Trinkwasser (Singular),drinking water
1621,"aufhalten (hält auf, hielt auf, hat aufgehalten)","to stop, hold up, delay"
1622,verwandt,related
1623,innere/inneres,inner
1624,"die Einkaufsstraße, -n",shopping street
1625,"das Bewerbungsschreiben, -",cover letter
1626,die Produktion (Singular),production
1627,"der Skorpion, -e","Scorpio, scorpion"
1628,der Insektenschutz (Singular),insect repellent
1629,"beziehen (sich) (auf + Akk.) (bezieht sich, bezog sich, hat sich bezogen)",to refer
1630,"greifen (greift, griff, hat gegriffen)","to grasp, reach for"
1631,würfeln,to roll dice
1632,"die Flüssigkeit, -en",fluid
1633,"geraten (gerät, geriet, ist geraten) (in Schwierigkeiten geraten)",to get into (to get into difficulties)
1634,"das Fünftel, -",fifth
1635,"der Genuss, Genüsse","indulgence, enjoyment"
1636,"der Glückskeks, -e",fortune cookie
1637,"das Schmerzmittel, -",pain reliever
1638,ausnahmslos,without exception
1639,"geehrt (Sehr geehrte Damen und Herren, …)",honored (Dear honored ladies and gentlement …)
1640,"das Gepäckband, Gepäckbänder",luggage carousel
1641,die Achtung (Singular),attention
1642,das Dunkle (Singular),darkness
1643,"die Patchwork-Familie, -n",patchwork family
1644,"die Reinigungsfirma, -firmen",cleaning service
1645,"die Liebesgeschichte, -n",love story
1646,die Gymnastik (Singular),gymnastics
1647,berechnen,to calculate
1648,herstellen,"to produce, manufacture"
1649,neblig,foggy
1650,entdecken,to discover
1651,"die Scheidung, -en",divorce
1652,Hunderttausende,hundreds of thousands
1653,"der Kunsthistoriker, -",art historian (m.)
1654,untereinander,among themselves
1655,mitteilen,"to tell, notify"
1656,einzahlen,"to deposit, pay in"
1657,"der/die Bankangestellte, -n",benk teller
1658,"die Tontafel, -n",clay tablet
1659,"die Scheibe, -n","disk, sheet, slice"
1660,"die Hauptmahlzeit, -en",main meal
1661,dennoch,nevertheless
1662,"die Backstube, -n",bakery
1663,"der Amateur, -e",amateur
1664,ausbilden,"to train, educate"
1665,"das Krankenzimmer, -",hospital room
1666,"die Grenze, -n",border
1667,"die Kerze, -n",candle
1668,das Shopping (Singular),shopping
1669,das Spielgeld (Singular),play money
1670,"der Nachtportier, -s",night porter (m.)
1671,uninteressant,uninteresting(ly)
1672,"die Zimmertür, -en",room door
1673,"der Terminkalender, -",appointment calendar
1674,"die Kurve, -n",curve
1675,die Nebenkosten (Plural),additional costs
1676,"die Pflegerin, -nen",nurse (f.)
1677,bald darauf,soon thereafter
1678,"das PDF-Dokument, -e",PDF document
1679,"die Bahnhofshalle, -n",train station hall
1680,getrennt leben,to live separated
1681,dauernd,constant(ly)
1682,seriös,"serious, respectable"
1683,"der Geldautomat, -en","ATM, automatic teller machine"
1684,"die Kulturgrenze, -n",cultural boundary
1685,lebenswert,to be worth living in
1686,"die Freizeitmöglichkeit, -en",recreational opportunity
1687,"unterscheiden (unterscheidet, unterschied, hat unterschieden)","to distinguish, differentiate"
1688,bewältigen,"to overcome, cope with"
1689,die Körperhaltung (Singular),posture
1690,verärgert,angry
1691,dick,thick
1692,"das Gewitter, -",thunderstorm
1693,"die Regierung, -en",government
1694,"der Stichpunkt, -e",bullet point
1695,"das Instrument, -e",instrument
1696,"der Migrant, -en",migrant
1697,ausüben,"to exercise, practice"
1698,verarbeiten,"to process, handle"
1699,kommerziell,commercial(ly)
1700,bereits,already
1701,unruhig,"unsettled, uneasy, uneasily"
1702,"der Herrenanzug, -anzüge",men‘s suit
1703,"der Tod, -e",death
1704,"der Komponist, -en",composer (m.)
1705,"das Graffito, Graffiti",graffiti
1706,drucken,to print
1707,"das Gemälde, -",painting
1708,wirtschaftlich,economic(ally)
1709,zum Glück,luckily
1710,vereinbaren,"to agree on, arrange"
1711,reich,rich
1712,"schütten (Das Wetter ist schlecht, es schüttet.)","to pour (The weather is bad, it’s pouring.)"
1713,"das Werk, -e",work
1714,pflegen,"to care for, maintain"
1715,"der Fahrer, -",driver (m.)
1716,faul,"lazy, lazily"
1717,"die Farbpatrone, -n",color ink cartridge
1718,"das Outfit, -s",outfit
1719,"der Kampf, Kämpfe","battle, fight"
1720,jedoch,however
1721,die Kröten (Plural) (ugs. für Geld),toads (colloq. for money)
1722,der Stand (Singular),"status, standing"
1723,"die Pflicht, -en",duty
1724,"die Sektflasche, -n",champagne bottle
1725,"die Schreinerin, -nen",carpenter (f.)
1726,"der Gehsteig, -e",sidewalk
1727,abkaufen,to buy from
1728,"die Tageszeit, -en",time of day
1729,"hinaufgehen (geht hinauf, ging hinauf, ist hinaufgegangen)",to go up
1730,"der Redakteur, -e",editor
1731,"reißen (reißt, riss, ist gerissen)",to tear
1732,"die Gründung, -en",establishment
1733,"der Eimer, -",bucket
1734,nerven,to annoy
1735,das Älterwerden (Singular),aging
1736,die Schulden (Plural),debt
1737,"aufgeben (gibt auf, gab auf, hat aufgegeben)",to give up
1738,einsperren,"to lock up, confine"
1739,"der Lehrgang, -gänge",training course
1740,"der Güterzug, Güterzüge",freight train
1741,"das Zukunftscamp, -s",future camp
1742,das Gewissen (Singular),conscience
1743,"erschrecken (erschrickt, erschrak, ist erschrocken)",to become scared
1744,"die Geheimnummer, -n",secret number
1745,"die Kontoeröffnung, -en",account opening
1746,"ernst nehmen (nimmt ernst, nahm ernst, hat ernst genommen)",to take s.o. or s.t. seriously
1747,"der Forumsname, -n",forum name
1748,"wegwerfen (wirft weg, warf weg, hat weggeworfen)",to throw away
1749,"der Mitbewohner, -","roommate, flatmate"
1750,"die Geschäftspartnerin, -nen",business partner (f.)
1751,unehrlich,dishonest(ly)
1752,"das Merkmal, -e",characteristic
1753,zirka (= circa),"about, circa"
1754,"die Kundenbewertung, -en",customer review
1755,ausreichend,sufficient(ly)
1756,"die Garantie, -n",guarantee
1757,"die Nachfrage, -n",demand
1758,"der Lernweg, -e",learning track
1759,der Weltmarkt (Singular),world market
1760,während (+ Genitiv/Dativ),"during, throughout"
1761,"das Kreuzworträtsel, -",crossword puzzle
1762,vorsingen,to sing
